Ratio,Value
Ar40/36,-8244.123265388267
Ar37/39,0.17446968276510513
Ar38/36,-10.210339476364748
Ar40/38,807.4289091437216
Ar40/39,179.3098119979482
