Ratio,Value
Ar40/36,140.89786399085673
Ar37/39,-0.9030213264532869
Ar38/36,0.644602978826815
Ar40/38,218.58084529378453
Ar40/39,-77.5015427812093
